Tamanho da lista,Tempo MÃ©dio (s),
500,0.00451544999377802,Desordenada
1000,0.018609739997191354,Desordenada
1500,0.039591130008921026,Desordenada
2000,0.06860546000534669,Desordenada
3000,0.15359159000217915,Desordenada
500,0.003927788006840274,Desordenada
1000,0.016919557999353855,Desordenada
1500,0.03841912199975923,Desordenada
2000,0.06907081399927847,Desordenada
3000,0.15621539800078607,Desordenada
500,0.003882829996291548,Desordenada
1000,0.016885360004380345,Desordenada
1500,0.03909195000305772,Desordenada
2000,0.06746537000872195,Desordenada
3000,0.15719888000166976,Desordenada
500,0.003888329991605133,Desordenada
1000,0.016400380001869053,Desordenada
1500,0.0384768599877134,Desordenada
2000,0.06753866000217386,Desordenada
3000,0.1542532399937045,Desordenada
500,0.003946339996764437,Desordenada
1000,0.016937589994631706,Desordenada
1500,0.03816844000830315,Desordenada
2000,0.06774897000286728,Desordenada
3000,0.1551937800075393,Desordenada
500,0.003890059975674376,Desordenada
1000,0.01677471999428235,Desordenada
1500,0.038452910009073096,Desordenada
2000,0.06783515000715852,Desordenada
3000,0.1571427900053095,Desordenada
500,0.004027870006393641,Desordenada
1000,0.016958719986723735,Desordenada
1500,0.03920937999500893,Desordenada
2000,0.06842900999472476,Desordenada
3000,0.15477255000150764,Desordenada
500,0.004016269993735477,Desordenada
1000,0.016928989987354724,Desordenada
1500,0.03751230999478139,Desordenada
2000,0.06838455000543035,Desordenada
3000,0.1574708400061354,Desordenada
500,0.003829919995041564,Desordenada
1000,0.016099119995487854,Desordenada
1500,0.037996499997098,Desordenada
2000,0.06783668000716717,Desordenada
3000,0.163248999993084,Desordenada
500,0.004040810000151396,Desordenada
1000,0.017010210012085736,Desordenada
1500,0.03851429001078941,Desordenada
2000,0.0675463400024455,Desordenada
3000,0.15349974000127986,Desordenada
500,0.0038597400009166448,Desordenada
1000,0.01682374999509193,Desordenada
1500,0.040070110000669956,Desordenada
2000,0.06960181999602355,Desordenada
3000,0.15423277000081725,Desordenada
500,0.004033050005091354,Desordenada
1000,0.016905670007690787,Desordenada
1500,0.04083354000467807,Desordenada
2000,0.06764564000768587,Desordenada
3000,0.1562655800022185,Desordenada
500,0.0038671899994369595,Desordenada
1000,0.016870990005554632,Desordenada
1500,0.038787669991143046,Desordenada
2000,0.07063509001163766,Desordenada
3000,0.1540304600202944,Desordenada
500,0.004021340009057894,Desordenada
1000,0.01793265000451356,Desordenada
1500,0.03970010000630282,Desordenada
2000,0.07202327001141384,Desordenada
3000,0.15945083001279273,Desordenada
500,0.004245279997121543,Desordenada
1000,0.01701907000388019,Desordenada
1500,0.03859440000960603,Desordenada
2000,0.06906436000135727,Desordenada
3000,0.15910379000706598,Desordenada
500,0.003931700007524341,Desordenada
1000,0.017031019984278827,Desordenada
1500,0.03857882000738755,Desordenada
2000,0.06838197999168187,Desordenada
3000,0.15637572999694385,Desordenada
500,0.004049960005795583,Desordenada
1000,0.016747420001775027,Desordenada
1500,0.03790933000273071,Desordenada
2000,0.06809618999832309,Desordenada
3000,0.1548540200048592,Desordenada
500,0.004629150003893301,Desordenada
1000,0.01866653000470251,Desordenada
1500,0.041596750007011,Desordenada
2000,0.07253965999698267,Desordenada
3000,0.15468966998741962,Desordenada
500,0.003969059995142743,Desordenada
1000,0.01733278000028804,Desordenada
1500,0.0381831599981524,Desordenada
2000,0.0686858200118877,Desordenada
3000,0.1562171799945645,Desordenada
500,0.003961700014770031,Desordenada
1000,0.016737619991181417,Desordenada
1500,0.03781290000770241,Desordenada
2000,0.06849913999903948,Desordenada
3000,0.15354297998710537,Desordenada
500,0.0038967400032561272,Desordenada
1000,0.016734700015513228,Desordenada
1500,0.03878616999718361,Desordenada
2000,0.06832799999392591,Desordenada
3000,0.16128646999713964,Desordenada
500,0.003978319989982992,Desordenada
1000,0.01678169999504462,Desordenada
1500,0.038221979991067204,Desordenada
2000,0.06867838999605738,Desordenada
3000,0.15604235000209882,Desordenada
500,0.0040241300011985,Desordenada
1000,0.01695097000338137,Desordenada
1500,0.038330089999362826,Desordenada
2000,0.06813586000353097,Desordenada
3000,0.15539196000318042,Desordenada
500,0.003966640011640266,Desordenada
1000,0.01751243000617251,Desordenada
1500,0.03882836000411771,Desordenada
2000,0.06837860001251102,Desordenada
3000,0.1546897199936211,Desordenada
500,0.003929429996060207,Desordenada
1000,0.016285570000763982,Desordenada
1500,0.03801810999284498,Desordenada
2000,0.06779206001083367,Desordenada
3000,0.15515290999901482,Desordenada
500,0.00395172000862658,Desordenada
1000,0.016740149992983788,Desordenada
1500,0.03773196000838652,Desordenada
2000,0.06755354000488296,Desordenada
3000,0.15467923000687733,Desordenada
500,0.004053939995355904,Desordenada
1000,0.018095519999042152,Desordenada
1500,0.037725999997928736,Desordenada
2000,0.06815634000231512,Desordenada
3000,0.1543956500070635,Desordenada
500,0.004024289996596053,Desordenada
1000,0.017054579977411777,Desordenada
1500,0.041043870005523786,Desordenada
2000,0.06828261999762616,Desordenada
3000,0.15761492000892757,Desordenada
500,0.003912020014831796,Desordenada
1000,0.017250960000092165,Desordenada
1500,0.037720389995956796,Desordenada
2000,0.06866354999947362,Desordenada
3000,0.1546172900008969,Desordenada
500,0.004009069997118786,Desordenada
1000,0.017017989995656534,Desordenada
1500,0.03827574999304488,Desordenada
2000,0.06847641000058502,Desordenada
3000,0.1551342700025998,Desordenada
500,0.003966209996724502,Desordenada
1000,0.016660339990630747,Desordenada
1500,0.03802068999502808,Desordenada
2000,0.06806639999849722,Desordenada
3000,0.15536283999099396,Desordenada
500,0.003943310002796352,Desordenada
1000,0.016894620005041362,Desordenada
1500,0.03820266998372972,Desordenada
2000,0.06785798999480903,Desordenada
3000,0.1557731699955184,Desordenada
500,0.0040166900027543305,Desordenada
1000,0.016630090010585262,Desordenada
1500,0.03880265999468975,Desordenada
2000,0.06837900998070837,Desordenada
3000,0.1579157599946484,Desordenada
500,0.006016830011503771,Desordenada
1000,0.016983170004095882,Desordenada
1500,0.04163560998858884,Desordenada
2000,0.06931406999356113,Desordenada
3000,0.1596465500071645,Desordenada
500,0.0039028000086545945,Desordenada
1000,0.016930710000451654,Desordenada
1500,0.03872983998735435,Desordenada
2000,0.07595700000529178,Desordenada
3000,0.15620538001530804,Desordenada
500,0.003932320006424561,Desordenada
1000,0.017073410004377364,Desordenada
1500,0.03836672999896109,Desordenada
2000,0.06838312000618316,Desordenada
3000,0.15557217999594286,Desordenada
500,0.003956759988795966,Desordenada
1000,0.01672783000394702,Desordenada
1500,0.038434620009502395,Desordenada
2000,0.06751592000364326,Desordenada
3000,0.15557656000019052,Desordenada
500,0.003991939994739369,Desordenada
1000,0.019808910001302138,Desordenada
1500,0.0392805999959819,Desordenada
2000,0.06927676998893731,Desordenada
3000,0.15987099998746998,Desordenada
500,0.0039237499935552474,Desordenada
1000,0.016961540008196607,Desordenada
1500,0.03825013000750914,Desordenada
2000,0.07111309999600053,Desordenada
3000,0.17674477000255137,Desordenada
500,0.0041373300016857685,Desordenada
1000,0.016720760002499446,Desordenada
1500,0.043233899981714785,Desordenada
2000,0.07421524999663234,Desordenada
3000,0.15864708999288268,Desordenada
500,0.0039661799964960665,Desordenada
1000,0.01744638998643495,Desordenada
1500,0.039484700001776216,Desordenada
2000,0.06922887000255287,Desordenada
3000,0.15525857998873108,Desordenada
500,0.005448949994752183,Desordenada
1000,0.017095430014887825,Desordenada
1500,0.03942209000815637,Desordenada
2000,0.07126215000171214,Desordenada
3000,0.15704012000351214,Desordenada
500,0.004010710003785789,Desordenada
1000,0.020118830003775658,Desordenada
1500,0.038536679989192635,Desordenada
2000,0.0681539100012742,Desordenada
3000,0.15359229000168853,Desordenada
500,0.004020859999582171,Desordenada
1000,0.01687175999977626,Desordenada
1500,0.03814641999779269,Desordenada
2000,0.06894846000359393,Desordenada
3000,0.15559951998875476,Desordenada
500,0.003952890000073239,Desordenada
1000,0.016820650012232364,Desordenada
1500,0.03869762999820523,Desordenada
2000,0.06785341000650078,Desordenada
3000,0.15299467000295408,Desordenada
500,0.003938699985155836,Desordenada
1000,0.017956710001453758,Desordenada
1500,0.038495129981311035,Desordenada
2000,0.06892945001018233,Desordenada
3000,0.1544502999924589,Desordenada
500,0.004026070004329085,Desordenada
1000,0.016784860019106417,Desordenada
1500,0.03760934999445453,Desordenada
2000,0.06752167999511585,Desordenada
3000,0.15493892000522463,Desordenada
500,0.003951559995766729,Desordenada
1000,0.01764070999925025,Desordenada
1500,0.039625960006378594,Desordenada
2000,0.0696340599854011,Desordenada
3000,0.15613973999861627,Desordenada
500,0.003940110007533804,Desordenada
1000,0.017210879997583105,Desordenada
1500,0.03962294998927973,Desordenada
2000,0.06846438000793569,Desordenada
3000,0.15654428998823278,Desordenada
500,0.004044560005422681,Desordenada
1000,0.018730989994946868,Desordenada
1500,0.04160667000105604,Desordenada
2000,0.06866843999596313,Desordenada
3000,0.15959863000898622,Desordenada
500,0.004149309993954376,Desordenada
1000,0.017555929999798537,Desordenada
1500,0.03998055999400094,Desordenada
2000,0.06882946999976411,Desordenada
3000,0.16699062000843695,Desordenada
500,0.00402604000410065,Desordenada
1000,0.017129689996363596,Desordenada
1500,0.03897443999303505,Desordenada
2000,0.07145612998865544,Desordenada
3000,0.15529755999450573,Desordenada
500,0.0038878399995155633,Desordenada
1000,0.017038939998019486,Desordenada
1500,0.044007780007086696,Desordenada
2000,0.07104903999716043,Desordenada
3000,0.15413436000235378,Desordenada
500,0.0047897700045723465,Desordenada
1000,0.01980465999804437,Desordenada
1500,0.04063046999508515,Desordenada
2000,0.0688689999980852,Desordenada
3000,0.15414028999512083,Desordenada
500,0.0038763699994888157,Desordenada
1000,0.01831381000811234,Desordenada
1500,0.03943171999999322,Desordenada
2000,0.06967927999794483,Desordenada
3000,0.16041892999201082,Desordenada
500,0.003949829994235187,Desordenada
1000,0.01677905998658389,Desordenada
1500,0.0389239699987229,Desordenada
2000,0.07180210999795236,Desordenada
3000,0.1551617399964016,Desordenada
500,0.0039937199908308685,Desordenada
1000,0.017019229993456973,Desordenada
1500,0.03857634001760744,Desordenada
2000,0.06943494999432005,Desordenada
3000,0.15699316000100225,Desordenada
500,0.0040220600028987976,Desordenada
1000,0.017010680004023015,Desordenada
1500,0.04075756999664008,Desordenada
2000,0.07100089000887237,Desordenada
3000,0.16283511999063194,Desordenada
500,0.004136130004189909,Desordenada
1000,0.017562559997895733,Desordenada
1500,0.03928252999903634,Desordenada
2000,0.0687412699975539,Desordenada
3000,0.158098389999941,Desordenada
500,0.003974550002021715,Desordenada
1000,0.017299510003067554,Desordenada
1500,0.03915008999756538,Desordenada
2000,0.06941189999342896,Desordenada
3000,0.15997946000425145,Desordenada
500,0.003974710003240034,Desordenada
1000,0.017146710003726185,Desordenada
1500,0.039149309997446834,Desordenada
2000,0.06879301999579183,Desordenada
3000,0.15532452998450025,Desordenada
500,0.003941179980756715,Desordenada
1000,0.017100000008940696,Desordenada
1500,0.03868158998666331,Desordenada
2000,0.06845613000332378,Desordenada
3000,0.15705368000199088,Desordenada
500,0.004028829996241256,Desordenada
1000,0.01645908000646159,Desordenada
1500,0.03906180001213215,Desordenada
2000,0.0692068100150209,Desordenada
3000,0.15499000000418164,Desordenada
500,0.00398879999993369,Desordenada
1000,0.016893019998678937,Desordenada
1500,0.03842131000710651,Desordenada
2000,0.06908551000524313,Desordenada
3000,0.1571805200073868,Desordenada
500,0.003981379995821044,Desordenada
1000,0.016761269996641202,Desordenada
1500,0.039465829997789116,Desordenada
2000,0.06883614000980742,Desordenada
3000,0.15385974998935126,Desordenada
500,0.00386786000453867,Desordenada
1000,0.01671893000602722,Desordenada
1500,0.038885660003870726,Desordenada
2000,0.06935025998973288,Desordenada
3000,0.15731766000390052,Desordenada
500,0.003956509992713108,Desordenada
1000,0.01826475000125356,Desordenada
1500,0.038822299992898476,Desordenada
2000,0.06908220000332221,Desordenada
3000,0.1537458699895069,Desordenada
500,0.003919579996727407,Desordenada
1000,0.01656159999547526,Desordenada
1500,0.03873278999235481,Desordenada
2000,0.06854832998360508,Desordenada
3000,0.1529312399914488,Desordenada
500,0.004138760000932962,Desordenada
1000,0.01696465999702923,Desordenada
1500,0.03886979998787865,Desordenada
2000,0.06922970998566598,Desordenada
3000,0.15354229000513442,Desordenada
500,0.00393316000699997,Desordenada
1000,0.016776539990678428,Desordenada
1500,0.038295030000153926,Desordenada
2000,0.071911930013448,Desordenada
3000,0.1551575999998022,Desordenada
500,0.0039999599975999445,Desordenada
1000,0.017349680000916124,Desordenada
1500,0.0383935900114011,Desordenada
2000,0.06865788999712094,Desordenada
3000,0.1560503200045787,Desordenada
500,0.004031729995040223,Desordenada
1000,0.017202220001490787,Desordenada
1500,0.0393967600131873,Desordenada
2000,0.07105063999770209,Desordenada
3000,0.16175667999777943,Desordenada
500,0.0041574600036256015,Desordenada
1000,0.01735264001181349,Desordenada
1500,0.038673969998490064,Desordenada
2000,0.07160013000248,Desordenada
3000,0.1578611700097099,Desordenada
500,0.004017769999336451,Desordenada
1000,0.016830920008942485,Desordenada
1500,0.038749609998194504,Desordenada
2000,0.0696518900047522,Desordenada
3000,0.15850687999045476,Desordenada
500,0.004854209994664416,Desordenada
1000,0.016931280004791917,Desordenada
1500,0.03989944001659751,Desordenada
2000,0.06796951999422163,Desordenada
3000,0.15609786999993958,Desordenada
500,0.00392697001225315,Desordenada
1000,0.0170232699951157,Desordenada
1500,0.03863257999182679,Desordenada
2000,0.06955156000331045,Desordenada
3000,0.15388779999339022,Desordenada
500,0.003926569997565821,Desordenada
1000,0.017123219993663952,Desordenada
1500,0.03761077999952249,Desordenada
2000,0.06756270999321715,Desordenada
3000,0.16557003999478184,Desordenada
500,0.0039638300077058375,Desordenada
1000,0.01653889999142848,Desordenada
1500,0.03847901000408456,Desordenada
2000,0.0689578399877064,Desordenada
3000,0.15375699999858625,Desordenada
500,0.003990280005382374,Desordenada
1000,0.017042729997774585,Desordenada
1500,0.03871763999923132,Desordenada
2000,0.06981041998951695,Desordenada
3000,0.15561453998670913,Desordenada
500,0.004011789994547143,Desordenada
1000,0.017181099992012606,Desordenada
1500,0.03879750000196509,Desordenada
2000,0.07012811000458896,Desordenada
3000,0.15668096999870612,Desordenada
500,0.004026880010496825,Desordenada
1000,0.01697530000237748,Desordenada
1500,0.038746049994369966,Desordenada
2000,0.06809177998802625,Desordenada
3000,0.15654652999946847,Desordenada
500,0.004023809998761863,Desordenada
1000,0.016523669997695833,Desordenada
1500,0.0384379499941133,Desordenada
2000,0.07408119000028819,Desordenada
3000,0.15547290001413785,Desordenada
500,0.004037900007097051,Desordenada
1000,0.017515179992187768,Desordenada
1500,0.03852239000261761,Desordenada
2000,0.06877015998470597,Desordenada
3000,0.15634927000501192,Desordenada
500,0.00400985999731347,Desordenada
1000,0.01669482998549938,Desordenada
1500,0.03814799000392668,Desordenada
2000,0.06822387001593597,Desordenada
3000,0.15483527001924813,Desordenada
500,0.0039712400001008065,Desordenada
1000,0.016782190004596485,Desordenada
1500,0.038532340002711864,Desordenada
2000,0.07201754000852816,Desordenada
3000,0.16040079000522384,Desordenada
500,0.004050490004010499,Desordenada
1000,0.017216399998869748,Desordenada
1500,0.03930713000590913,Desordenada
2000,0.0694212400005199,Desordenada
3000,0.15494169999146834,Desordenada
500,0.003957649989752099,Desordenada
1000,0.01661618000944145,Desordenada
1500,0.037589470006059854,Desordenada
2000,0.0681830299901776,Desordenada
3000,0.15662358001573012,Desordenada
500,0.003986800002167001,Desordenada
1000,0.01671279001166113,Desordenada
1500,0.03848236000048928,Desordenada
2000,0.06930573998834007,Desordenada
3000,0.15756017999374308,Desordenada
500,0.0040029500087257475,Desordenada
1000,0.01707223998964764,Desordenada
1500,0.039971209998475386,Desordenada
2000,0.07007448999211192,Desordenada
3000,0.1569562000106089,Desordenada
500,0.004007149999961257,Desordenada
1000,0.017559880000771955,Desordenada
1500,0.039679680002154785,Desordenada
2000,0.07112849000259303,Desordenada
3000,0.15411563998786731,Desordenada
500,0.004062889999477193,Desordenada
1000,0.01690566000761464,Desordenada
1500,0.03881948997732252,Desordenada
2000,0.06836033999570645,Desordenada
3000,0.1555809299927205,Desordenada
500,0.003914990002522245,Desordenada
1000,0.01651851999340579,Desordenada
1500,0.039030999987153335,Desordenada
2000,0.06736281999037601,Desordenada
3000,0.15234521999373102,Desordenada
500,0.003919160010991618,Desordenada
1000,0.016983400005847214,Desordenada
1500,0.039109030016697945,Desordenada
2000,0.06822475999360904,Desordenada
3000,0.15378436000319198,Desordenada
500,0.004020900005707517,Desordenada
1000,0.017226320004556327,Desordenada
1500,0.03949215999455191,Desordenada
2000,0.06883444999111817,Desordenada
3000,0.15767303999746218,Desordenada
500,0.004136179992929101,Desordenada
1000,0.01648587000090629,Desordenada
1500,0.03890356000629254,Desordenada
2000,0.06902003998984582,Desordenada
3000,0.15581305000232532,Desordenada
500,0.004144399997312575,Desordenada
1000,0.017027220013551413,Desordenada
1500,0.039181200007442386,Desordenada
2000,0.06932498999522067,Desordenada
3000,0.15588620000053197,Desordenada
500,0.003861200006213039,Desordenada
1000,0.01751784001244232,Desordenada
1500,0.0390800500055775,Desordenada
2000,0.06811349999625235,Desordenada
3000,0.15623059999779798,Desordenada
500,0.0040179199946578596,Desordenada
1000,0.01700546998763457,Desordenada
1500,0.038620540010742846,Desordenada
2000,0.0695572900120169,Desordenada
3000,0.15707281001959927,Desordenada
500,0.003948719991603867,Desordenada
1000,0.016844500007573517,Desordenada
1500,0.03887066999450326,Desordenada
2000,0.06873379000462591,Desordenada
3000,0.15586825000937096,Desordenada
500,0.003966359997866676,Desordenada
1000,0.016950079990783705,Desordenada
1500,0.03966292000259273,Desordenada
2000,0.06880558999837376,Desordenada
3000,0.15622697999933735,Desordenada
500,0.004025600012391805,Desordenada
1000,0.017735800001537426,Desordenada
1500,0.039525129995308814,Desordenada
2000,0.06856870999909007,Desordenada
3000,0.1564437199907843,Desordenada
500,0.0038923200103454293,Desordenada
1000,0.016760089999297633,Desordenada
1500,0.039081050007371235,Desordenada
2000,0.06970109998947009,Desordenada
3000,0.1551936800009571,Desordenada
500,0.004129819991067052,Desordenada
1000,0.017141969996737318,Desordenada
1500,0.039259110012790185,Desordenada
2000,0.06871850999305025,Desordenada
3000,0.1563539899827447,Desordenada
500,0.003867420007009059,Desordenada
1000,0.016903130011633037,Desordenada
1500,0.03839396000257693,Desordenada
2000,0.06888249000185169,Desordenada
3000,0.15285382000147366,Desordenada
500,0.003971000004094094,Desordenada
1000,0.017160660005174577,Desordenada
1500,0.03835734000313096,Desordenada
2000,0.06783956999424845,Desordenada
3000,0.15376500000129453,Desordenada
500,0.004136669996660203,Desordenada
1000,0.01892393999733031,Desordenada
1500,0.038570010004332286,Desordenada
2000,0.0722453200025484,Desordenada
3000,0.15707843999261967,Desordenada
500,0.003935089992592111,Desordenada
1000,0.017070229985984044,Desordenada
1500,0.0397403400100302,Desordenada
2000,0.06972477998933754,Desordenada
3000,0.15608304999186656,Desordenada
500,0.003951300005428493,Desordenada
1000,0.01720713000977412,Desordenada
1500,0.03863300999510102,Desordenada
2000,0.06998085999512113,Desordenada
3000,0.1560519399936311,Desordenada
500,0.003987820009933784,Desordenada
1000,0.01715766999986954,Desordenada
1500,0.03901994000189006,Desordenada
2000,0.06918937999871559,Desordenada
3000,0.15573841999284924,Desordenada
500,0.004132110008504242,Desordenada
1000,0.017708149994723497,Desordenada
1500,0.04012920000823215,Desordenada
2000,0.06839911001734436,Desordenada
3000,0.157470419985475,Desordenada
500,0.004017889994429424,Desordenada
1000,0.01706469000200741,Desordenada
1500,0.03998330999165774,Desordenada
2000,0.06970331999473274,Desordenada
3000,0.15597157999291084,Desordenada
500,0.003910729987546801,Desordenada
1000,0.016764060006244107,Desordenada
1500,0.03847552998922765,Desordenada
2000,0.06879438000614754,Desordenada
3000,0.15639568000333384,Desordenada
500,0.0038156300026457755,Desordenada
1000,0.016974270006176084,Desordenada
1500,0.038219010009197515,Desordenada
2000,0.0667544599971734,Desordenada
3000,0.15514596000430175,Desordenada
500,0.004080799990333617,Desordenada
1000,0.017083770013414323,Desordenada
1500,0.03896778000053018,Desordenada
2000,0.06852093000197783,Desordenada
3000,0.15292549000005237,Desordenada
500,0.003917110007023439,Desordenada
1000,0.016719590005232023,Desordenada
1500,0.038752800016663966,Desordenada
2000,0.06817840000148863,Desordenada
3000,0.15413233000435866,Desordenada
500,0.0039348500082269314,Desordenada
1000,0.016944720008177684,Desordenada
1500,0.03914766000234522,Desordenada
2000,0.06737239999929442,Desordenada
3000,0.1544120700098574,Desordenada
500,0.0039724200032651424,Desordenada
1000,0.017355800000950695,Desordenada
1500,0.039264420000836256,Desordenada
2000,0.06915888999938033,Desordenada
3000,0.1560700599977281,Desordenada
500,0.004200739989755675,Desordenada
1000,0.017247319989837705,Desordenada
1500,0.03892364000203088,Desordenada
2000,0.07028983001364394,Desordenada
3000,0.1604726999939885,Desordenada
500,0.0039061499992385507,Desordenada
1000,0.016824530006852002,Desordenada
1500,0.038450570002896714,Desordenada
2000,0.06860606999834999,Desordenada
3000,0.15738375000073573,Desordenada
500,0.0042090200004167855,Desordenada
1000,0.017649640003219245,Desordenada
1500,0.03879519000183791,Desordenada
2000,0.06851545000099576,Desordenada
3000,0.1561395999917295,Desordenada
500,0.003998799994587898,Desordenada
1000,0.016927990003023297,Desordenada
1500,0.03920865000109188,Desordenada
2000,0.0679778000107035,Desordenada
3000,0.15661039999686183,Desordenada
500,0.00395323999109678,Desordenada
1000,0.016686589998425917,Desordenada
1500,0.03909104000777006,Desordenada
2000,0.06857112999423406,Desordenada
3000,0.156232930009719,Desordenada
500,0.0043544800078962,Desordenada
1000,0.01775215000961907,Desordenada
1500,0.03988286998937838,Desordenada
2000,0.07007091998821124,Desordenada
3000,0.1545389199978672,Desordenada
500,0.004006040003150702,Desordenada
1000,0.016806140000699087,Desordenada
1500,0.03882287999731489,Desordenada
2000,0.06918874001130462,Desordenada
3000,0.15796005001175217,Desordenada
500,0.0038673100003506987,Desordenada
1000,0.017104519996792078,Desordenada
1500,0.03868697000434622,Desordenada
2000,0.07048004000680522,Desordenada
3000,0.155747780011734,Desordenada
500,0.004073419992346316,Desordenada
1000,0.01747363999602385,Desordenada
1500,0.038618510006926954,Desordenada
2000,0.06806595001835376,Desordenada
3000,0.15731996000395157,Desordenada
500,0.0040024199988693,Desordenada
1000,0.017231970006832853,Desordenada
1500,0.03849219999392517,Desordenada
2000,0.06851084999507293,Desordenada
3000,0.1554560299962759,Desordenada
500,0.003976870013866573,Desordenada
1000,0.018231550010386854,Desordenada
1500,0.038076510006794705,Desordenada
2000,0.0685949700011406,Desordenada
3000,0.1566023100167513,Desordenada
500,0.004046400013612584,Desordenada
1000,0.016789950005477294,Desordenada
1500,0.038750800007255747,Desordenada
2000,0.06883458999800496,Desordenada
3000,0.15601152999443002,Desordenada
500,0.004175179987214506,Desordenada
1000,0.01687562000588514,Desordenada
1500,0.038194070005556566,Desordenada
2000,0.06884597000316717,Desordenada
3000,0.15680154000292532,Desordenada
500,0.0039178799896035345,Desordenada
1000,0.01687849000445567,Desordenada
1500,0.038278219994390385,Desordenada
2000,0.06937813999829814,Desordenada
3000,0.15610319999977945,Desordenada
500,0.00401074000983499,Desordenada
1000,0.01697711000451818,Desordenada
1500,0.03831289999652654,Desordenada
2000,0.06771457999129779,Desordenada
3000,0.15329669999773615,Desordenada
500,0.003921439993428066,Desordenada
1000,0.01664990999852307,Desordenada
1500,0.03823540000594221,Desordenada
2000,0.06841014999081381,Desordenada
3000,0.15570951001718641,Desordenada
500,0.004034020000835881,Desordenada
1000,0.017128149996278808,Desordenada
1500,0.03849240999552421,Desordenada
2000,0.06851512999855913,Desordenada
3000,0.15821958000888117,Desordenada
500,0.00398578000604175,Desordenada
1000,0.017000209994148464,Desordenada
1500,0.038011540012666954,Desordenada
2000,0.06786935001146048,Desordenada
3000,0.1620432700146921,Desordenada
500,0.004223459993954748,Desordenada
1000,0.01702392001170665,Desordenada
1500,0.038629569998010996,Desordenada
2000,0.06749663000227883,Desordenada
3000,0.15643537000287325,Desordenada
500,0.004098189988872037,Desordenada
1000,0.016940860013710334,Desordenada
1500,0.03877068999572657,Desordenada
2000,0.07235689000226557,Desordenada
3000,0.15677183999796399,Desordenada
500,0.004000350012211129,Desordenada
1000,0.01679434998659417,Desordenada
1500,0.039099270006408914,Desordenada
2000,0.06917736999457702,Desordenada
3000,0.15644802000606434,Desordenada
500,0.00393370000529103,Desordenada
1000,0.016636809991905466,Desordenada
1500,0.03917602000874467,Desordenada
2000,0.06793053000583313,Desordenada
3000,0.15608597999671475,Desordenada
500,0.0039758200000505894,Desordenada
1000,0.017401149991201237,Desordenada
1500,0.03848580999183469,Desordenada
2000,0.06855039001093247,Desordenada
3000,0.15596308999811298,Desordenada
500,0.003899190004449338,Desordenada
1000,0.017123699997318907,Desordenada
1500,0.03748427999089472,Desordenada
2000,0.06789192999713123,Desordenada
3000,0.15411274001235142,Desordenada
500,0.003908219991717488,Desordenada
1000,0.017050480004400015,Desordenada
1500,0.038885970000410455,Desordenada
2000,0.06840157999540679,Desordenada
3000,0.15513128000311555,Desordenada
500,0.003916989994468168,Desordenada
1000,0.016683690005447716,Desordenada
1500,0.03837863000226207,Desordenada
2000,0.06817922000773251,Desordenada
3000,0.15685937999514862,Desordenada
500,0.003945089993067086,Desordenada
1000,0.01696935999789275,Desordenada
1500,0.03866049000062048,Desordenada
2000,0.06879729999345727,Desordenada
3000,0.15503883000346833,Desordenada
500,0.003873510000994429,Desordenada
1000,0.016671499994117767,Desordenada
1500,0.03856568000046536,Desordenada
2000,0.07021183000179007,Desordenada
3000,0.1548082300054375,Desordenada
500,0.003949229989666491,Desordenada
1000,0.01723263001185842,Desordenada
1500,0.038777820009272546,Desordenada
2000,0.06775914999307134,Desordenada
3000,0.15584552000509574,Desordenada
500,0.003950830007670447,Desordenada
1000,0.017085050005698578,Desordenada
1500,0.039276579988654706,Desordenada
2000,0.0672869699948933,Desordenada
3000,0.15582307999720796,Desordenada
500,0.003853139985585585,Desordenada
1000,0.016837629996007308,Desordenada
1500,0.03931660001981072,Desordenada
2000,0.06672049000044353,Desordenada
3000,0.1553416000038851,Desordenada
500,0.004015110002364963,Desordenada
1000,0.017180159996496514,Desordenada
1500,0.038803419994655995,Desordenada
2000,0.07072034000884742,Desordenada
3000,0.15449217999703252,Desordenada
500,0.0039053500047884883,Desordenada
1000,0.016772140009561554,Desordenada
1500,0.03946172000141814,Desordenada
2000,0.06936374000506476,Desordenada
3000,0.1564698999922257,Desordenada
500,0.003881619998719543,Desordenada
1000,0.01675696999882348,Desordenada
1500,0.039594949997263026,Desordenada
2000,0.0688924899965059,Desordenada
3000,0.16368197999545372,Desordenada
500,0.00401389998733066,Desordenada
1000,0.017066220007836818,Desordenada
1500,0.039018309995299205,Desordenada
2000,0.07118360999738797,Desordenada
3000,0.16018475998425857,Desordenada
500,0.008192909992067144,Desordenada
1000,0.017641349998302757,Desordenada
1500,0.03879703999846242,Desordenada
2000,0.06816448999452404,Desordenada
3000,0.15328048999072053,Desordenada
500,0.00403348000254482,Desordenada
1000,0.017158939997898415,Desordenada
1500,0.03811860997811891,Desordenada
2000,0.06748953000060283,Desordenada
3000,0.15334017999703065,Desordenada
500,0.003906790009932592,Desordenada
1000,0.016697500011650844,Desordenada
1500,0.03809695999370888,Desordenada
2000,0.07013409998617134,Desordenada
3000,0.1602537399972789,Desordenada
500,0.0038272300036624072,Desordenada
1000,0.016447339998558165,Desordenada
1500,0.03841249999823049,Desordenada
2000,0.06867013999726623,Desordenada
3000,0.15556730998796411,Desordenada
500,0.004193470010068268,Desordenada
1000,0.01720987998996861,Desordenada
1500,0.043755349976709115,Desordenada
2000,0.06990386001416482,Desordenada
3000,0.15693133000750095,Desordenada
500,0.003884900000412017,Desordenada
1000,0.01678093999507837,Desordenada
1500,0.03895082000526599,Desordenada
2000,0.06959905999246985,Desordenada
3000,0.15916948999511077,Desordenada
500,0.0039426999923307445,Desordenada
1000,0.01706100000301376,Desordenada
1500,0.03918909999192692,Desordenada
2000,0.06984378999331967,Desordenada
3000,0.15701479999697768,Desordenada
500,0.004023899987805635,Desordenada
1000,0.016434270003810526,Desordenada
1500,0.038753800000995396,Desordenada
2000,0.06848085998790339,Desordenada
3000,0.15538724000798537,Desordenada
500,0.0039342600153759125,Desordenada
1000,0.01669783000834286,Desordenada
1500,0.038025159994140266,Desordenada
2000,0.0686782999895513,Desordenada
3000,0.15601749999332243,Desordenada
500,0.0038494600157719105,Desordenada
1000,0.017094300000462682,Desordenada
1500,0.03821217999793589,Desordenada
2000,0.06844694002065807,Desordenada
3000,0.15596649000071922,Desordenada
500,0.003961170010734349,Desordenada
1000,0.018559509998885913,Desordenada
1500,0.04022461000131443,Desordenada
2000,0.0696777299977839,Desordenada
3000,0.1556113499973435,Desordenada
500,0.003842110000550747,Desordenada
1000,0.016548509994754566,Desordenada
1500,0.03807832000311464,Desordenada
2000,0.06899939000140876,Desordenada
3000,0.1558440599939786,Desordenada
500,0.003981300001032651,Desordenada
1000,0.016791999997803942,Desordenada
1500,0.039314340002601963,Desordenada
2000,0.06727944999583997,Desordenada
3000,0.15286969000590034,Desordenada
500,0.003943939990131184,Desordenada
1000,0.017238770000403747,Desordenada
1500,0.03937416998669505,Desordenada
2000,0.06857689000898973,Desordenada
3000,0.15381426000385545,Desordenada
500,0.0040214599983301015,Desordenada
1000,0.016934939986094834,Desordenada
1500,0.039069089986151086,Desordenada
2000,0.06903297999524512,Desordenada
3000,0.15521526999073104,Desordenada
500,0.0038805399963166565,Desordenada
1000,0.016867300006560983,Desordenada
1500,0.03837674000533298,Desordenada
2000,0.0679893500113394,Desordenada
3000,0.15856747999205253,Desordenada
500,0.0040599700005259365,Desordenada
1000,0.017267070000525565,Desordenada
1500,0.040985330002149566,Desordenada
2000,0.0714795599982608,Desordenada
3000,0.15593022000975906,Desordenada
500,0.003977150004357099,Desordenada
1000,0.017353439994622022,Desordenada
1500,0.038678469997830686,Desordenada
2000,0.06888351000379771,Desordenada
3000,0.15497041000635364,Desordenada
500,0.0038950700021814556,Desordenada
1000,0.01679021001327783,Desordenada
1500,0.038958910008659586,Desordenada
2000,0.06900419000303373,Desordenada
3000,0.1542759200092405,Desordenada
500,0.0039423599897418175,Desordenada
1000,0.016936120000900702,Desordenada
1500,0.03893307998660021,Desordenada
2000,0.07013202999951318,Desordenada
3000,0.1538443199940957,Desordenada
500,0.003936769999563694,Desordenada
1000,0.01681337000336498,Desordenada
1500,0.03832737999618985,Desordenada
2000,0.06868847999139689,Desordenada
3000,0.1551117500057444,Desordenada
500,0.0041083900025114415,Desordenada
1000,0.017492620018310846,Desordenada
1500,0.038302340003428983,Desordenada
2000,0.06994421000708825,Desordenada
3000,0.16216148998937568,Desordenada
500,0.004065059998538345,Desordenada
1000,0.017464330000802875,Desordenada
1500,0.04060798999853432,Desordenada
2000,0.06954833999625407,Desordenada
3000,0.1600486600131262,Desordenada
500,0.003991300007328391,Desordenada
1000,0.017285510001238437,Desordenada
1500,0.038320190005470066,Desordenada
2000,0.06850108000799082,Desordenada
3000,0.154420800000662,Desordenada
500,0.0038502799929119647,Desordenada
1000,0.016725859994767233,Desordenada
1500,0.038191299990285185,Desordenada
2000,0.0673390400072094,Desordenada
3000,0.15479331000242383,Desordenada
500,0.003999609989114106,Desordenada
1000,0.01682761000120081,Desordenada
1500,0.03864547000848688,Desordenada
2000,0.06895924001000822,Desordenada
3000,0.15521402000449597,Desordenada
500,0.004489070002455265,Desordenada
1000,0.017435349989682436,Desordenada
1500,0.03888269000453874,Desordenada
2000,0.06835716000059619,Desordenada
3000,0.1546190300025046,Desordenada
500,0.003976639994652942,Desordenada
1000,0.016728209995198993,Desordenada
1500,0.037841770000522953,Desordenada
2000,0.06810907999752089,Desordenada
3000,0.15357137000537477,Desordenada
500,0.00396803998737596,Desordenada
1000,0.016953489993466065,Desordenada
1500,0.03814667001133785,Desordenada
2000,0.06817343001021073,Desordenada
3000,0.15197292001103052,Desordenada
500,0.0039021799864713104,Desordenada
1000,0.016602780000539497,Desordenada
1500,0.0394422100041993,Desordenada
2000,0.07048733998672105,Desordenada
3000,0.16374625000171364,Desordenada
500,0.0038408900145441294,Desordenada
1000,0.019196470000315456,Desordenada
1500,0.04040037999511696,Desordenada
2000,0.07543224000255577,Desordenada
3000,0.15509044998325408,Desordenada
500,0.003959910001140088,Desordenada
1000,0.01681283000507392,Desordenada
1500,0.03930217000306584,Desordenada
2000,0.072054929996375,Desordenada
3000,0.15486252000555395,Desordenada
500,0.003970570000819862,Desordenada
1000,0.017518109985394402,Desordenada
1500,0.0413778500049375,Desordenada
2000,0.07005288000800647,Desordenada
3000,0.1564025599916931,Desordenada
500,0.004156439990038052,Desordenada
1000,0.017255629994906485,Desordenada
1500,0.0413910300063435,Desordenada
2000,0.06885863000061362,Desordenada
3000,0.1551324200059753,Desordenada
500,0.0038839499931782482,Desordenada
1000,0.016835150006227196,Desordenada
1500,0.04246829999028705,Desordenada
2000,0.08180307999718935,Desordenada
3000,0.17524075999390334,Desordenada
500,0.004224650003015995,Desordenada
1000,0.01708828000118956,Desordenada
1500,0.040087299997685476,Desordenada
2000,0.07040329000446946,Desordenada
3000,0.1590292600041721,Desordenada
500,0.004128639993723482,Desordenada
1000,0.017647740012034775,Desordenada
1500,0.03967224000953138,Desordenada
2000,0.0707785899983719,Desordenada
3000,0.15709570999606512,Desordenada
500,0.004237169999396428,Desordenada
1000,0.01719618000788614,Desordenada
1500,0.040627230005338785,Desordenada
2000,0.06864836000604554,Desordenada
3000,0.15842211000272072,Desordenada
500,0.003871910006273538,Desordenada
1000,0.017125800001667812,Desordenada
1500,0.03852427000529133,Desordenada
2000,0.06938356999889947,Desordenada
3000,0.1566082599980291,Desordenada
500,0.003983800002606586,Desordenada
1000,0.017110279988264664,Desordenada
1500,0.0388835700112395,Desordenada
2000,0.06803409000276588,Desordenada
3000,0.15834707000176423,Desordenada
500,0.004152189992601052,Desordenada
1000,0.01725160999922082,Desordenada
1500,0.03888693999615498,Desordenada
2000,0.0681277499999851,Desordenada
3000,0.15655793999903836,Desordenada
500,0.003937340003903955,Desordenada
1000,0.016877660003956407,Desordenada
1500,0.03807452998589724,Desordenada
2000,0.06918509998940862,Desordenada
3000,0.16093558999709784,Desordenada
500,0.003970669995760545,Desordenada
1000,0.01674462000373751,Desordenada
1500,0.0425959300075192,Desordenada
2000,0.07755064998636954,Desordenada
3000,0.1611114299914334,Desordenada
500,0.004055440006777644,Desordenada
1000,0.018268960004206747,Desordenada
1500,0.039167539984919134,Desordenada
2000,0.07134012999013066,Desordenada
3000,0.1653494800091721,Desordenada
500,0.0044251600105781105,Desordenada
1000,0.017387669993331654,Desordenada
1500,0.03956854000571184,Desordenada
2000,0.07200753000797704,Desordenada
3000,0.17548747000400908,Desordenada
500,0.004885669995564968,Desordenada
1000,0.017165130004286766,Desordenada
1500,0.03964286000118591,Desordenada
2000,0.06876262999139726,Desordenada
3000,0.15628585999365896,Desordenada
500,0.004016439989209175,Desordenada
1000,0.01784925999236293,Desordenada
1500,0.040024960006121546,Desordenada
2000,0.07115310000954196,Desordenada
3000,0.16220522000221535,Desordenada
500,0.004281429992988706,Desordenada
1000,0.02049142000032589,Desordenada
1500,0.044553950009867546,Desordenada
2000,0.07388794999569655,Desordenada
3000,0.15627011999604293,Desordenada
500,0.003915349987801164,Desordenada
1000,0.016790119995130227,Desordenada
1500,0.03865037999930791,Desordenada
2000,0.06787908999831416,Desordenada
3000,0.15497615000349468,Desordenada
500,0.003957969992188737,Desordenada
1000,0.017419910011813044,Desordenada
1500,0.03952571999980137,Desordenada
2000,0.07392564000329002,Desordenada
3000,0.168766929989215,Desordenada
500,0.0038691700028721243,Desordenada
1000,0.016826720006065443,Desordenada
1500,0.03858152999891899,Desordenada
2000,0.07172365998849273,Desordenada
3000,0.16327805999899284,Desordenada
500,0.004566579998936504,Desordenada
1000,0.018717950000427662,Desordenada
1500,0.0404901199915912,Desordenada
2000,0.07271069000707939,Desordenada
3000,0.15419956999248824,Desordenada
500,0.004222299990942702,Desordenada
1000,0.0183371499995701,Desordenada
1500,0.04529289999045431,Desordenada
2000,0.07647956998553126,Desordenada
3000,0.15577675001113675,Desordenada
500,0.00399540999205783,Desordenada
1000,0.01710620999801904,Desordenada
1500,0.038270699995337054,Desordenada
2000,0.06883053999044933,Desordenada
3000,0.15433265999308787,Desordenada
500,0.004015569988405332,Desordenada
1000,0.017018680000910537,Desordenada
1500,0.03876435001147911,Desordenada
2000,0.06743296001804992,Desordenada
3000,0.15609214000869542,Desordenada
500,0.003931130009004846,Desordenada
1000,0.016664379998110233,Desordenada
1500,0.03840420999913476,Desordenada
2000,0.0687758100044448,Desordenada
3000,0.15614889999851583,Desordenada
500,0.0038756399939302356,Desordenada
1000,0.016538760007824747,Desordenada
1500,0.03885488999658264,Desordenada
2000,0.06982210999703967,Desordenada
3000,0.15985317000886426,Desordenada
500,0.003987790003884583,Desordenada
1000,0.018094659998314454,Desordenada
1500,0.04256013000267558,Desordenada
2000,0.07327122998540289,Desordenada
3000,0.1649468399991747,Desordenada
500,0.004188730014720932,Desordenada
1000,0.017682049999712034,Desordenada
1500,0.03929063001414761,Desordenada
2000,0.0692516700073611,Desordenada
3000,0.16488559999852442,Desordenada
500,0.003946320002432913,Desordenada
1000,0.018722850002814085,Desordenada
1500,0.039320809993660076,Desordenada
2000,0.07563698000158184,Desordenada
3000,0.16956513999612072,Desordenada
500,0.0047724099888000636,Desordenada
1000,0.018756670004222542,Desordenada
1500,0.038131020014407116,Desordenada
2000,0.07030022999388166,Desordenada
3000,0.16741554000182077,Desordenada
500,0.004629319981904701,Desordenada
1000,0.01718787999707274,Desordenada
1500,0.04252838998218067,Desordenada
2000,0.07015713999862783,Desordenada
3000,0.15455059001105836,Desordenada
500,0.003982739994535222,Desordenada
1000,0.01707127999397926,Desordenada
1500,0.03797349000233226,Desordenada
2000,0.06842673000646755,Desordenada
3000,0.1558182500069961,Desordenada
500,0.0038683300139382482,Desordenada
1000,0.01697237999760546,Desordenada
1500,0.03801904999418184,Desordenada
2000,0.07163285999558866,Desordenada
3000,0.1624699700041674,Desordenada
500,0.0039993499987758694,Desordenada
1000,0.016742149990750476,Desordenada
1500,0.038773440005024896,Desordenada
2000,0.0679978700063657,Desordenada
3000,0.15523464000434614,Desordenada
500,0.003834860015194863,Desordenada
1000,0.016849849984282628,Desordenada
1500,0.0376573899993673,Desordenada
2000,0.0683935699868016,Desordenada
3000,0.15380863000173123,Desordenada
500,0.003934080002363771,Desordenada
1000,0.017196159990271555,Desordenada
1500,0.038668659992981705,Desordenada
2000,0.0689535999961663,Desordenada
3000,0.15615767998388036,Desordenada
500,0.003987609985051677,Desordenada
1000,0.01718914001248777,Desordenada
1500,0.039146179996896534,Desordenada
2000,0.07121997000067495,Desordenada
3000,0.15651230999501423,Desordenada
500,0.004015519999666139,Desordenada
1000,0.018081379996147007,Desordenada
1500,0.03958326000138186,Desordenada
2000,0.06853106999769806,Desordenada
3000,0.1553794499777723,Desordenada
500,0.0038978299940936267,Desordenada
1000,0.01765454999404028,Desordenada
1500,0.0423924800066743,Desordenada
2000,0.0716740500065498,Desordenada
3000,0.15279649001313372,Desordenada
500,0.003944569994928315,Desordenada
1000,0.01660211000707932,Desordenada
1500,0.03805519999586977,Desordenada
2000,0.06797270000679419,Desordenada
3000,0.15385734000592494,Desordenada
500,0.0038896999903954566,Desordenada
1000,0.016512269992381333,Desordenada
1500,0.03977191000012681,Desordenada
2000,0.068684270005906,Desordenada
3000,0.15386647999403066,Desordenada
500,0.0038729899970348924,Desordenada
1000,0.016537389997392894,Desordenada
1500,0.03908324999501929,Desordenada
2000,0.06789082998875529,Desordenada
3000,0.15916541999904438,Desordenada
500,0.003932780004106462,Desordenada
1000,0.01887815001537092,Desordenada
1500,0.039007989992387596,Desordenada
2000,0.06916209000046365,Desordenada
3000,0.15664823000552133,Desordenada
500,0.0038966799969784916,Desordenada
1000,0.016837190004298463,Desordenada
1500,0.038277530006598684,Desordenada
2000,0.06951851999619976,Desordenada
3000,0.15426536999293602,Desordenada
500,0.0038307299895677716,Desordenada
1000,0.01682991998968646,Desordenada
1500,0.03807885000715032,Desordenada
2000,0.06869720001122914,Desordenada
3000,0.15364720999496057,Desordenada
500,0.0039676999964285645,Desordenada
1000,0.01676371998619288,Desordenada
1500,0.037883919989690186,Desordenada
2000,0.06862767999409698,Desordenada
3000,0.15611012999434024,Desordenada
500,0.003962859994499013,Desordenada
1000,0.016897859994787722,Desordenada
1500,0.038092270004563035,Desordenada
2000,0.06888160000089556,Desordenada
3000,0.15370047999895178,Desordenada
