Tamanho da lista,Tempo MÃ©dio (s),Lista Ordenada
500,9.268999565392733e-05,Desordenada
1000,0.00018674002494663,Desordenada
1500,0.00026272000977769496,Desordenada
2000,0.00038919999497011304,Desordenada
3000,0.0005423199967481196,Desordenada
500,8.658000733703375e-05,Desordenada
1000,0.00019589998992159964,Desordenada
1500,0.0002912500058300793,Desordenada
2000,0.0003193700220435858,Desordenada
3000,0.0005108599667437375,Desordenada
500,8.516999660059809e-05,Desordenada
1000,0.0001911899773404002,Desordenada
1500,0.0002533000078983605,Desordenada
2000,0.0004323699977248907,Desordenada
3000,0.0005812400020658969,Desordenada
500,7.729999488219619e-05,Desordenada
1000,0.00019434000132605432,Desordenada
1500,0.00027703000232577325,Desordenada
2000,0.00039696001913398505,Desordenada
3000,0.0005214899778366089,Desordenada
500,7.798000006005168e-05,Desordenada
1000,0.00019544000970199703,Desordenada
1500,0.00025108999107033015,Desordenada
2000,0.0003590500098653138,Desordenada
3000,0.0005445899907499552,Desordenada
500,8.557997643947602e-05,Desordenada
1000,0.0001842099940404296,Desordenada
1500,0.00027609001845121386,Desordenada
2000,0.0003565100021660328,Desordenada
3000,0.0005423699738457799,Desordenada
500,8.898002561181783e-05,Desordenada
1000,0.00015852999640628696,Desordenada
1500,0.000259569997433573,Desordenada
2000,0.000337349995970726,Desordenada
3000,0.00045403999974951147,Desordenada
500,0.0001402800320647657,Desordenada
1000,0.0002701900084502995,Desordenada
1500,0.00027564000338315965,Desordenada
2000,0.00037530999397858975,Desordenada
3000,0.0005092299892567098,Desordenada
500,9.398998226970435e-05,Desordenada
1000,0.00016029000980779528,Desordenada
1500,0.0002449300023727119,Desordenada
2000,0.0003072499763220549,Desordenada
3000,0.000504869979340583,Desordenada
500,8.066000882536172e-05,Desordenada
1000,0.00015861999709159135,Desordenada
1500,0.00033519999124109745,Desordenada
2000,0.0003394299652427435,Desordenada
3000,0.00047866998938843607,Desordenada
500,7.401000475510955e-05,Desordenada
1000,0.0001594000030308962,Desordenada
1500,0.0002626200090162456,Desordenada
2000,0.0003119699889793992,Desordenada
3000,0.0006078599952161312,Desordenada
500,8.25500232167542e-05,Desordenada
1000,0.00017247000942006708,Desordenada
1500,0.0002513400046154857,Desordenada
2000,0.00034624998224899175,Desordenada
3000,0.000548090017400682,Desordenada
500,0.00010429999092593789,Desordenada
1000,0.00016018999740481378,Desordenada
1500,0.0002940000151284039,Desordenada
2000,0.0004078300087712705,Desordenada
3000,0.0005872699664905667,Desordenada
500,8.13600025139749e-05,Desordenada
1000,0.00015765000134706497,Desordenada
1500,0.00029916000785306095,Desordenada
2000,0.00034924998180940747,Desordenada
3000,0.0005536400130949914,Desordenada
500,9.032001253217459e-05,Desordenada
1000,0.00021095999982208015,Desordenada
1500,0.00024291998706758023,Desordenada
2000,0.0003300399985164404,Desordenada
3000,0.0006711299996823072,Desordenada
500,8.114000083878637e-05,Desordenada
1000,0.00018493999959900975,Desordenada
1500,0.00026724000927060845,Desordenada
2000,0.0003600300056859851,Desordenada
3000,0.0005621100193820894,Desordenada
500,8.231999818235636e-05,Desordenada
1000,0.000158400007057935,Desordenada
1500,0.00023810002021491529,Desordenada
2000,0.0003496300312690437,Desordenada
3000,0.000576589978300035,Desordenada
500,9.429999627172947e-05,Desordenada
1000,0.000177650002297014,Desordenada
1500,0.00022854000562801957,Desordenada
2000,0.0003602700075134635,Desordenada
3000,0.0005452099954709411,Desordenada
500,6.715001072734594e-05,Desordenada
1000,0.00018908001948148012,Desordenada
1500,0.00020186000037938356,Desordenada
2000,0.0003559099975973368,Desordenada
3000,0.0005262000020593404,Desordenada
500,9.191001299768686e-05,Desordenada
1000,0.0001608999795280397,Desordenada
1500,0.00027242000214755535,Desordenada
2000,0.0003783399937674403,Desordenada
3000,0.0005798299913294614,Desordenada
500,8.517998503521085e-05,Desordenada
1000,0.00018378000240772962,Desordenada
1500,0.00024167998926714063,Desordenada
2000,0.00040935997385531663,Desordenada
3000,0.00048589999787509444,Desordenada
500,9.293998591601849e-05,Desordenada
1000,0.0001718500046990812,Desordenada
1500,0.00022813999094069005,Desordenada
2000,0.00036508997436612844,Desordenada
3000,0.0005746199749410152,Desordenada
500,8.816999616101384e-05,Desordenada
1000,0.0001815000083297491,Desordenada
1500,0.0002697400050237775,Desordenada
2000,0.00034404998878017067,Desordenada
3000,0.00046906000934541223,Desordenada
500,9.077000431716442e-05,Desordenada
1000,0.00016156999627128243,Desordenada
1500,0.000281329988501966,Desordenada
2000,0.00036138000432401897,Desordenada
3000,0.0004950299975462258,Desordenada
500,8.313998114317656e-05,Desordenada
1000,0.00015678998315706849,Desordenada
1500,0.0002740500378422439,Desordenada
2000,0.0003656400018371642,Desordenada
3000,0.0004820399801246822,Desordenada
500,7.804000051692128e-05,Desordenada
1000,0.0001703500049188733,Desordenada
1500,0.0002622300060465932,Desordenada
2000,0.00032034000614658,Desordenada
3000,0.0004575700033456087,Desordenada
500,8.400999940931797e-05,Desordenada
1000,0.00017747997771948575,Desordenada
1500,0.00029047998832538725,Desordenada
2000,0.00033899002010002733,Desordenada
3000,0.00044012998696416614,Desordenada
500,7.965998956933617e-05,Desordenada
1000,0.0001867900020442903,Desordenada
1500,0.0002964299987070262,Desordenada
2000,0.000407000002451241,Desordenada
3000,0.0006156299961730838,Desordenada
500,7.646998856216669e-05,Desordenada
1000,0.00019481999333947897,Desordenada
1500,0.00026365000521764157,Desordenada
2000,0.0003386700060218573,Desordenada
3000,0.0004870299948379397,Desordenada
500,8.352999575436115e-05,Desordenada
1000,0.000170069991145283,Desordenada
1500,0.0002947300206869841,Desordenada
2000,0.0003359100199304521,Desordenada
3000,0.0004944500047713518,Desordenada
500,8.040001848712564e-05,Desordenada
1000,0.000156470004003495,Desordenada
1500,0.0002620699815452099,Desordenada
2000,0.0003371400176547468,Desordenada
3000,0.0004917799844406546,Desordenada
500,9.061002638190984e-05,Desordenada
1000,0.00019039999460801482,Desordenada
1500,0.0002560600289143622,Desordenada
2000,0.0003617099719122052,Desordenada
3000,0.0005677000037394464,Desordenada
500,7.894000736996531e-05,Desordenada
1000,0.00016031000996008515,Desordenada
1500,0.00028695001965388655,Desordenada
2000,0.00037290999898687005,Desordenada
3000,0.0005137099884450436,Desordenada
500,9.025998879224062e-05,Desordenada
1000,0.0001766399829648435,Desordenada
1500,0.0002660099999047816,Desordenada
2000,0.00036311998264864086,Desordenada
3000,0.000556029996369034,Desordenada
500,8.262998890131711e-05,Desordenada
1000,0.00014874998014420272,Desordenada
1500,0.000230860011652112,Desordenada
2000,0.00030201001791283486,Desordenada
3000,0.0005692499806173145,Desordenada
500,7.896000752225519e-05,Desordenada
1000,0.0001942100003361702,Desordenada
1500,0.0002396599855273962,Desordenada
2000,0.00032299002632498743,Desordenada
3000,0.0004360200138762593,Desordenada
500,8.396002231165766e-05,Desordenada
1000,0.00017603000160306692,Desordenada
1500,0.0003159599844366312,Desordenada
2000,0.00037948000244796275,Desordenada
3000,0.0005241799866780638,Desordenada
500,8.346999529749156e-05,Desordenada
1000,0.00018185001099482178,Desordenada
1500,0.00022020002361387015,Desordenada
2000,0.00032738998997956515,Desordenada
3000,0.0005635600187815726,Desordenada
500,9.790000040084123e-05,Desordenada
1000,0.00014717000303789973,Desordenada
1500,0.0002522299881093204,Desordenada
2000,0.00038945997366681697,Desordenada
3000,0.0005228500114753843,Desordenada
500,8.26799776405096e-05,Desordenada
1000,0.00018356003565713763,Desordenada
1500,0.0002397799980826676,Desordenada
2000,0.0003480299958027899,Desordenada
3000,0.0006225900142453611,Desordenada
500,8.08900105766952e-05,Desordenada
1000,0.00015737998764961958,Desordenada
1500,0.00029162998544052243,Desordenada
2000,0.0003749200142920017,Desordenada
3000,0.0005724799702875316,Desordenada
500,8.944000583142043e-05,Desordenada
1000,0.00018065000185742974,Desordenada
1500,0.0002867600182071328,Desordenada
2000,0.00033898998517543075,Desordenada
3000,0.0005313200177624822,Desordenada
500,8.802998345345259e-05,Desordenada
1000,0.00016919998452067376,Desordenada
1500,0.0002761000185273588,Desordenada
2000,0.00031146002002060416,Desordenada
3000,0.0006597500294446945,Desordenada
500,8.181000594049692e-05,Desordenada
1000,0.00017102998681366443,Desordenada
1500,0.0002485700068064034,Desordenada
2000,0.00041142998961731794,Desordenada
3000,0.0005640000221319496,Desordenada
500,8.463000413030385e-05,Desordenada
1000,0.00017297001322731377,Desordenada
1500,0.0002464300021529198,Desordenada
2000,0.000360589986667037,Desordenada
3000,0.000609700009226799,Desordenada
500,9.996996959671378e-05,Desordenada
1000,0.0001721099950373173,Desordenada
1500,0.00026131999911740424,Desordenada
2000,0.000307859992608428,Desordenada
3000,0.000556039996445179,Desordenada
500,9.660000214353203e-05,Desordenada
1000,0.0001945599913597107,Desordenada
1500,0.00025750001659616826,Desordenada
2000,0.00032691999804228543,Desordenada
3000,0.0005282200174406171,Desordenada
500,8.725001243874431e-05,Desordenada
1000,0.00017570999916642903,Desordenada
1500,0.0002825400209985673,Desordenada
2000,0.00037890998646616936,Desordenada
3000,0.00039506000466644765,Desordenada
500,8.218999719247221e-05,Desordenada
1000,0.000188770005479455,Desordenada
1500,0.00024207000387832522,Desordenada
2000,0.00032357999589294195,Desordenada
3000,0.0005189399933442473,Desordenada
500,0.00012630999553948642,Desordenada
1000,0.00022584999678656458,Desordenada
1500,0.0003276099916547537,Desordenada
2000,0.000347440002951771,Desordenada
3000,0.0004958600038662553,Desordenada
500,9.940000018104911e-05,Desordenada
1000,0.00014603000599890947,Desordenada
1500,0.0002522400114685297,Desordenada
2000,0.00033550000516697765,Desordenada
3000,0.0005328500061295927,Desordenada
500,8.483000565320253e-05,Desordenada
1000,0.00019142000237479806,Desordenada
1500,0.0002526300144381821,Desordenada
2000,0.00040161998476833104,Desordenada
3000,0.0005609599989838898,Desordenada
500,8.383000968024135e-05,Desordenada
1000,0.00015750000020489096,Desordenada
1500,0.0002751199877820909,Desordenada
2000,0.00035976999206468465,Desordenada
3000,0.0005958099965937436,Desordenada
500,8.368998533114791e-05,Desordenada
1000,0.00017340998165309428,Desordenada
1500,0.0002923599909991026,Desordenada
2000,0.0004246200085617602,Desordenada
3000,0.0005213399999774992,Desordenada
500,8.844002149999142e-05,Desordenada
1000,0.00015262998640537263,Desordenada
1500,0.00025217999937012794,Desordenada
2000,0.0003730899770744145,Desordenada
3000,0.0005574599956162274,Desordenada
500,7.156002102419734e-05,Desordenada
1000,0.00015305000124499202,Desordenada
1500,0.0002444000099785626,Desordenada
2000,0.0004051800118759274,Desordenada
3000,0.0005499800201505423,Desordenada
500,0.00010279000271111727,Desordenada
1000,0.00015881999861449002,Desordenada
1500,0.0002693000016734004,Desordenada
2000,0.00038312001852318643,Desordenada
3000,0.0005029799998737871,Desordenada
500,9.639998897910118e-05,Desordenada
1000,0.00016747998306527735,Desordenada
1500,0.000253800000064075,Desordenada
2000,0.0003440899890847504,Desordenada
3000,0.0005541299935430289,Desordenada
500,7.688002660870552e-05,Desordenada
1000,0.00018347998848184944,Desordenada
1500,0.00030004000291228294,Desordenada
2000,0.0004135099588893354,Desordenada
3000,0.00043978998437523844,Desordenada
500,8.574000094085932e-05,Desordenada
1000,0.00016468997346237303,Desordenada
1500,0.000288159993942827,Desordenada
2000,0.00034057998564094303,Desordenada
3000,0.0005846600048244,Desordenada
500,9.604999795556068e-05,Desordenada
1000,0.00018446999602019786,Desordenada
1500,0.0002608299837447703,Desordenada
2000,0.00034199999645352365,Desordenada
3000,0.0005331299849785865,Desordenada
500,7.615999784320593e-05,Desordenada
1000,0.00016789002111181617,Desordenada
1500,0.0002292000106535852,Desordenada
2000,0.00036640999605879186,Desordenada
3000,0.0005430800025351346,Desordenada
500,8.315999293699861e-05,Desordenada
1000,0.00020264999475330114,Desordenada
1500,0.00024392998311668635,Desordenada
2000,0.0004925699904561043,Desordenada
3000,0.0005607599974609912,Desordenada
500,7.791001116856933e-05,Desordenada
1000,0.00017914001364260912,Desordenada
1500,0.0002707600127905607,Desordenada
2000,0.00033717001788318156,Desordenada
3000,0.0005153800011612475,Desordenada
500,9.31600108742714e-05,Desordenada
1000,0.00016335002146661282,Desordenada
1500,0.0002608299953863025,Desordenada
2000,0.0003901200136169791,Desordenada
3000,0.0005906400037929416,Desordenada
500,6.927996873855591e-05,Desordenada
1000,0.00018084998009726405,Desordenada
1500,0.0002983999904245138,Desordenada
2000,0.00033253999426960943,Desordenada
3000,0.0006062299944460392,Desordenada
500,8.973998483270406e-05,Desordenada
1000,0.0001919199828989804,Desordenada
1500,0.0002528900047764182,Desordenada
2000,0.00037926998920738696,Desordenada
3000,0.0005550500121898949,Desordenada
500,8.937000529840589e-05,Desordenada
1000,0.00015380000695586205,Desordenada
1500,0.0002888300106860697,Desordenada
2000,0.0003774699871428311,Desordenada
3000,0.0006565400282852352,Desordenada
500,7.62299750931561e-05,Desordenada
1000,0.0001779500162228942,Desordenada
1500,0.00023215002147480845,Desordenada
2000,0.0003333199885673821,Desordenada
3000,0.000594269996508956,Desordenada
500,8.799998322501778e-05,Desordenada
1000,0.00016214000061154366,Desordenada
1500,0.00029989000177010894,Desordenada
2000,0.00047771998215466737,Desordenada
3000,0.0006772999768145382,Desordenada
500,7.651000050827861e-05,Desordenada
1000,0.0001588899875059724,Desordenada
1500,0.00024331000167876482,Desordenada
2000,0.00034234002232551574,Desordenada
3000,0.0005011599976569414,Desordenada
500,9.309999877586961e-05,Desordenada
1000,0.00019112001173198222,Desordenada
1500,0.00021757999202236532,Desordenada
2000,0.00033277003094553945,Desordenada
3000,0.0005549399997107684,Desordenada
500,8.742999052628875e-05,Desordenada
1000,0.0001790100010111928,Desordenada
1500,0.00031655000057071445,Desordenada
2000,0.00037598001072183254,Desordenada
3000,0.0006103999679908156,Desordenada
500,9.105999488383532e-05,Desordenada
1000,0.00017355999443680048,Desordenada
1500,0.00028828001813963056,Desordenada
2000,0.0004068099893629551,Desordenada
3000,0.0004601400229148567,Desordenada
500,8.774998132139444e-05,Desordenada
1000,0.00021864997688680887,Desordenada
1500,0.0002671099966391921,Desordenada
2000,0.0003603300079703331,Desordenada
3000,0.0006122000049799681,Desordenada
500,9.769999887794256e-05,Desordenada
1000,0.0001839200034737587,Desordenada
1500,0.0002801900263875723,Desordenada
2000,0.00034381999867036936,Desordenada
3000,0.0005124400020577013,Desordenada
500,8.399998769164086e-05,Desordenada
1000,0.00017713999841362238,Desordenada
1500,0.00028170001460239293,Desordenada
2000,0.00033740000799298286,Desordenada
3000,0.0005531600094400346,Desordenada
500,8.998997509479523e-05,Desordenada
1000,0.00017506001750007273,Desordenada
1500,0.0002554300124756992,Desordenada
2000,0.00031598000787198545,Desordenada
3000,0.0005605799960903823,Desordenada
500,7.6519965659827e-05,Desordenada
1000,0.00016644999850541354,Desordenada
1500,0.00030779001535847784,Desordenada
2000,0.0003380300127901137,Desordenada
3000,0.0005405999952927231,Desordenada
500,8.850002195686102e-05,Desordenada
1000,0.0001892500091344118,Desordenada
1500,0.0002825400093570352,Desordenada
2000,0.0003539699944667518,Desordenada
3000,0.0005855900119058788,Desordenada
500,7.959997747093439e-05,Desordenada
1000,0.0001778199803084135,Desordenada
1500,0.00023527001030743122,Desordenada
2000,0.00041258999845013024,Desordenada
3000,0.00046746002044528723,Desordenada
500,8.710999973118305e-05,Desordenada
1000,0.00016605997225269676,Desordenada
1500,0.00027052998775616287,Desordenada
2000,0.0003958900226280093,Desordenada
3000,0.0005098699941299856,Desordenada
500,7.355001289397479e-05,Desordenada
1000,0.00018126999493688344,Desordenada
1500,0.00033461999846622347,Desordenada
2000,0.0003202799940481782,Desordenada
3000,0.0005840400117449462,Desordenada
500,8.241002215072512e-05,Desordenada
1000,0.0001851100125350058,Desordenada
1500,0.000290089996997267,Desordenada
2000,0.000396640005055815,Desordenada
3000,0.0005125400144606829,Desordenada
500,8.963998407125473e-05,Desordenada
1000,0.0001981900306418538,Desordenada
1500,0.0002873800112865865,Desordenada
2000,0.0003763900022022426,Desordenada
3000,0.000597659987397492,Desordenada
500,8.984002051874996e-05,Desordenada
1000,0.00015588001115247608,Desordenada
1500,0.00027234998997300864,Desordenada
2000,0.00031135999597609043,Desordenada
3000,0.0006231400067918003,Desordenada
500,0.00011122002033516764,Desordenada
1000,0.00015979999443516135,Desordenada
1500,0.0002712099929340184,Desordenada
2000,0.0003435899969190359,Desordenada
3000,0.0005269699962809682,Desordenada
500,9.15299984626472e-05,Desordenada
1000,0.00018766000866889953,Desordenada
1500,0.00029896998312324287,Desordenada
2000,0.0003803200204856694,Desordenada
3000,0.0004675400094129145,Desordenada
500,0.00010338999563828111,Desordenada
1000,0.00017108001047745348,Desordenada
1500,0.0002636299701407552,Desordenada
2000,0.0003712699981406331,Desordenada
3000,0.0005567899905145168,Desordenada
500,9.097999427467584e-05,Desordenada
1000,0.00016803001053631306,Desordenada
1500,0.0002181599964387715,Desordenada
2000,0.00041595998918637634,Desordenada
3000,0.0004834699910134077,Desordenada
500,7.932999869808555e-05,Desordenada
1000,0.00016694997902959584,Desordenada
1500,0.00023666997440159322,Desordenada
2000,0.0003622000222094357,Desordenada
3000,0.00048633000114932655,Desordenada
500,7.783001055940985e-05,Desordenada
1000,0.00018037999980151652,Desordenada
1500,0.00025888001546263694,Desordenada
2000,0.00039656999288126824,Desordenada
3000,0.0005067800055257976,Desordenada
500,8.656001882627607e-05,Desordenada
1000,0.00018389001488685607,Desordenada
1500,0.0002989199827425182,Desordenada
2000,0.00047850001137703655,Desordenada
3000,0.0005930400104261935,Desordenada
500,9.072000393643976e-05,Desordenada
1000,0.00014614997198805212,Desordenada
1500,0.00023224999895319343,Desordenada
2000,0.00036854001227766276,Desordenada
3000,0.00047258997801691294,Desordenada
500,9.240000508725643e-05,Desordenada
1000,0.0001992899808101356,Desordenada
1500,0.00029911998426541687,Desordenada
2000,0.00032832997385412455,Desordenada
3000,0.0004990900051780045,Desordenada
500,8.243999909609556e-05,Desordenada
1000,0.0001699100132100284,Desordenada
1500,0.0002704600221477449,Desordenada
2000,0.00035186997847631575,Desordenada
3000,0.000562679988797754,Desordenada
500,9.933001128956676e-05,Desordenada
1000,0.0002167200087569654,Desordenada
1500,0.0002624500077217817,Desordenada
2000,0.0003219399834051728,Desordenada
3000,0.0004389400128275156,Desordenada
500,9.868000634014607e-05,Desordenada
1000,0.00019690998597070574,Desordenada
1500,0.0002356399898417294,Desordenada
2000,0.0003606599639169872,Desordenada
3000,0.0005345000070519745,Desordenada
500,9.17700119316578e-05,Desordenada
1000,0.00023227001074701547,Desordenada
1500,0.0002264800248667598,Desordenada
2000,0.0003473399905487895,Desordenada
3000,0.0005766000133007765,Desordenada
500,8.657999569550157e-05,Desordenada
1000,0.00015465999022126197,Desordenada
1500,0.00026737998705357314,Desordenada
2000,0.0003751400043256581,Desordenada
3000,0.0005958100082352757,Desordenada
500,9.038000134751201e-05,Desordenada
1000,0.00017183003947138787,Desordenada
1500,0.0002562499954365194,Desordenada
2000,0.0003790699876844883,Desordenada
3000,0.000546130002476275,Desordenada
500,8.69800103828311e-05,Desordenada
1000,0.00016463998472318053,Desordenada
1500,0.00025105999084189533,Desordenada
2000,0.00035499001387506723,Desordenada
3000,0.0005329600186087191,Desordenada
500,7.478002225980163e-05,Desordenada
1000,0.0001896999659948051,Desordenada
1500,0.00025897000450640916,Desordenada
2000,0.00033929997589439155,Desordenada
3000,0.0006276900065131485,Desordenada
500,9.132999693974852e-05,Desordenada
1000,0.0001616499968804419,Desordenada
1500,0.0002465600031428039,Desordenada
2000,0.0003375799977220595,Desordenada
3000,0.0005527100060135126,Desordenada
500,9.537000441923737e-05,Desordenada
1000,0.000189950002823025,Desordenada
1500,0.00029801002237945796,Desordenada
2000,0.00039702001959085464,Desordenada
3000,0.0004894400131888688,Desordenada
500,9.549000533297658e-05,Desordenada
1000,0.00016555998008698224,Desordenada
1500,0.00026364000514149665,Desordenada
2000,0.00033680001506581904,Desordenada
3000,0.00046135003212839366,Desordenada
500,9.220999199897051e-05,Desordenada
1000,0.0001690800068899989,Desordenada
1500,0.0002821600064635277,Desordenada
2000,0.0003502400009892881,Desordenada
3000,0.0005319000105373561,Desordenada
500,8.385000983253121e-05,Desordenada
1000,0.00022330001229420304,Desordenada
1500,0.00022505997912958264,Desordenada
2000,0.0002842100220732391,Desordenada
3000,0.0005166999879293143,Desordenada
500,8.904000278562308e-05,Desordenada
1000,0.00016138000646606087,Desordenada
1500,0.0002614400233142078,Desordenada
2000,0.0003399899695068598,Desordenada
3000,0.0005442000343464315,Desordenada
500,9.87699837423861e-05,Desordenada
1000,0.00020833000307902695,Desordenada
1500,0.00023547998862341046,Desordenada
2000,0.0002818900044076145,Desordenada
3000,0.0005954500054940581,Desordenada
500,8.317999308928847e-05,Desordenada
1000,0.00017565996386110784,Desordenada
1500,0.00024170998949557543,Desordenada
2000,0.00028432999970391394,Desordenada
3000,0.0005153299891389907,Desordenada
500,9.008002234622836e-05,Desordenada
1000,0.0001769700087606907,Desordenada
1500,0.00030517998384311796,Desordenada
2000,0.0003144599962979555,Desordenada
3000,0.0005679599940776825,Desordenada
500,8.603997994214297e-05,Desordenada
1000,0.00020442998502403497,Desordenada
1500,0.00024838998215273025,Desordenada
2000,0.0003118300111964345,Desordenada
3000,0.0005586199928075075,Desordenada
500,9.448000928387046e-05,Desordenada
1000,0.0001619600341655314,Desordenada
1500,0.0002904399996623397,Desordenada
2000,0.00038008998380973936,Desordenada
3000,0.0005486999871209264,Desordenada
500,8.035998325794935e-05,Desordenada
1000,0.00020156000973656774,Desordenada
1500,0.00022654001368209719,Desordenada
2000,0.000336019997484982,Desordenada
3000,0.0005049199797213077,Desordenada
500,6.804001750424505e-05,Desordenada
1000,0.00018982001347467303,Desordenada
1500,0.0002736200112849474,Desordenada
2000,0.0003652500221505761,Desordenada
3000,0.000602989993058145,Desordenada
500,7.616999791935087e-05,Desordenada
1000,0.00017410999862477183,Desordenada
1500,0.0002482699695974588,Desordenada
2000,0.0003994300146587193,Desordenada
3000,0.000588690023869276,Desordenada
500,0.0001512800110504031,Desordenada
1000,0.0002205200376920402,Desordenada
1500,0.00026341999182477593,Desordenada
2000,0.00039533000672236084,Desordenada
3000,0.0005166799644939601,Desordenada
500,8.30099917948246e-05,Desordenada
1000,0.0001908299629576504,Desordenada
1500,0.0002721800236031413,Desordenada
2000,0.0004071700037457049,Desordenada
3000,0.0005346799967810512,Desordenada
500,9.225000394508243e-05,Desordenada
1000,0.00017050999449566006,Desordenada
1500,0.000280630006454885,Desordenada
2000,0.00033980002626776695,Desordenada
3000,0.0005873799906112254,Desordenada
500,7.605000864714384e-05,Desordenada
1000,0.00017237999709323048,Desordenada
1500,0.0002835199935361743,Desordenada
2000,0.000312060012947768,Desordenada
3000,0.0006111399969086051,Desordenada
500,8.786999387666583e-05,Desordenada
1000,0.00019012000411748885,Desordenada
1500,0.00024349999148398638,Desordenada
2000,0.0003774700220674276,Desordenada
3000,0.000567009998485446,Desordenada
500,7.454000879079104e-05,Desordenada
1000,0.00019536998588591813,Desordenada
1500,0.00025511999847367407,Desordenada
2000,0.0003572200192138553,Desordenada
3000,0.0005623999983072281,Desordenada
500,8.237998699769377e-05,Desordenada
1000,0.00015760998940095305,Desordenada
1500,0.00024090999504551293,Desordenada
2000,0.00040262999245896933,Desordenada
3000,0.0004238799796439707,Desordenada
500,9.601999772712588e-05,Desordenada
1000,0.00017964999424293637,Desordenada
1500,0.00021317999344319105,Desordenada
2000,0.0004103100043721497,Desordenada
3000,0.0005303899990394712,Desordenada
500,8.283997885882854e-05,Desordenada
1000,0.00017100003315135838,Desordenada
1500,0.00027745000552386044,Desordenada
2000,0.00032504999544471504,Desordenada
3000,0.0006248099845834077,Desordenada
500,8.774000452831388e-05,Desordenada
1000,0.00019642001716420056,Desordenada
1500,0.00032613000366836785,Desordenada
2000,0.00033485001185908916,Desordenada
3000,0.0005053699831478297,Desordenada
500,8.867002325132489e-05,Desordenada
1000,0.00020016002235934138,Desordenada
1500,0.00028864998603239655,Desordenada
2000,0.00035792000126093625,Desordenada
3000,0.00054065000731498,Desordenada
500,8.606001501902938e-05,Desordenada
1000,0.00017827998381108044,Desordenada
1500,0.00026318999007344244,Desordenada
2000,0.00039096000837162136,Desordenada
3000,0.0005295900045894086,Desordenada
500,7.512996671721339e-05,Desordenada
1000,0.00018896999536082147,Desordenada
1500,0.00027518998831510544,Desordenada
2000,0.00035849999403581023,Desordenada
3000,0.00045306000392884014,Desordenada
500,9.022001177072525e-05,Desordenada
1000,0.00019252998754382133,Desordenada
1500,0.00024975999258458614,Desordenada
2000,0.000316469999961555,Desordenada
3000,0.0005098900059238076,Desordenada
500,7.639001123607158e-05,Desordenada
1000,0.00019865999929606913,Desordenada
1500,0.00023472999455407262,Desordenada
2000,0.0003743900218978524,Desordenada
3000,0.0006043300032615662,Desordenada
500,8.808999555185438e-05,Desordenada
1000,0.00019234998617321253,Desordenada
1500,0.00021332998294383289,Desordenada
2000,0.00031034999992698433,Desordenada
3000,0.0004312700009904802,Desordenada
500,8.53799981996417e-05,Desordenada
1000,0.0001687200041487813,Desordenada
1500,0.00023669999791309237,Desordenada
2000,0.0003891000174917281,Desordenada
3000,0.0005889200139790774,Desordenada
500,8.047000737860799e-05,Desordenada
1000,0.0001505899941548705,Desordenada
1500,0.00026839000638574363,Desordenada
2000,0.00032203997252508996,Desordenada
3000,0.0005576200084760786,Desordenada
500,8.74500023201108e-05,Desordenada
1000,0.00016588002908974887,Desordenada
1500,0.0003664299729280174,Desordenada
2000,0.0003351499792188406,Desordenada
3000,0.00048349001444876195,Desordenada
500,8.217997383326292e-05,Desordenada
1000,0.00017954000504687427,Desordenada
1500,0.0002538199769333005,Desordenada
2000,0.000332670018542558,Desordenada
3000,0.0005929599865339696,Desordenada
500,8.175997063517571e-05,Desordenada
1000,0.00015598998870700598,Desordenada
1500,0.0003491300041787326,Desordenada
2000,0.00038504997501149775,Desordenada
3000,0.000579549977555871,Desordenada
500,8.557002292945981e-05,Desordenada
1000,0.00016667001182213426,Desordenada
1500,0.00027212998829782007,Desordenada
2000,0.0003770499839447439,Desordenada
3000,0.0004979099961929023,Desordenada
500,7.134999614208937e-05,Desordenada
1000,0.0001976900268346071,Desordenada
1500,0.00029662998858839276,Desordenada
2000,0.0003535800031386316,Desordenada
3000,0.0006446199957281351,Desordenada
500,8.72099888511002e-05,Desordenada
1000,0.00018045997712761163,Desordenada
1500,0.00026779997861012814,Desordenada
2000,0.0004056299920193851,Desordenada
3000,0.0006298999884165824,Desordenada
500,8.020998211577535e-05,Desordenada
1000,0.00016620999667793512,Desordenada
1500,0.0002834900049492717,Desordenada
2000,0.00031928998650982977,Desordenada
3000,0.0005790699971839786,Desordenada
500,7.99100031144917e-05,Desordenada
1000,0.00017129998886957764,Desordenada
1500,0.00023975998628884555,Desordenada
2000,0.0003608099883422256,Desordenada
3000,0.000610839994624257,Desordenada
500,7.560999365523458e-05,Desordenada
1000,0.00019448999082669616,Desordenada
1500,0.0003022099612280726,Desordenada
2000,0.0003812799812294543,Desordenada
3000,0.0005263599916361273,Desordenada
500,9.462001034989952e-05,Desordenada
1000,0.0001883000135421753,Desordenada
1500,0.0002386199892498553,Desordenada
2000,0.00035988999297842383,Desordenada
3000,0.0005316999857313931,Desordenada
500,8.670000825077296e-05,Desordenada
1000,0.00014972001081332565,Desordenada
1500,0.00025847002398222686,Desordenada
2000,0.00035905002150684597,Desordenada
3000,0.0004714899929240346,Desordenada
500,8.682999759912491e-05,Desordenada
1000,0.00015299998922273516,Desordenada
1500,0.00027833001222461463,Desordenada
2000,0.0003767700050957501,Desordenada
3000,0.0005942000076174736,Desordenada
500,0.0001114100101403892,Desordenada
1000,0.00018716000486165285,Desordenada
1500,0.0002669099834747612,Desordenada
2000,0.00033488000044599173,Desordenada
3000,0.0006644999957643449,Desordenada
500,8.932000491768122e-05,Desordenada
1000,0.0001462699961848557,Desordenada
1500,0.0002462099655531347,Desordenada
2000,0.0003441400011070073,Desordenada
3000,0.0004949500202201307,Desordenada
500,7.827997906133533e-05,Desordenada
1000,0.00017201000591740012,Desordenada
1500,0.00025164997205138204,Desordenada
2000,0.00036823002155870197,Desordenada
3000,0.0005442899884656072,Desordenada
500,8.874996565282345e-05,Desordenada
1000,0.00017673001857474447,Desordenada
1500,0.0002916100085712969,Desordenada
2000,0.0003849399974569678,Desordenada
3000,0.0005148900090716779,Desordenada
500,0.00010831000981852412,Desordenada
1000,0.00020399999339133502,Desordenada
1500,0.00027299998328089714,Desordenada
2000,0.0003647799720056355,Desordenada
3000,0.0005400900030508637,Desordenada
500,7.377000292763114e-05,Desordenada
1000,0.0001700200024060905,Desordenada
1500,0.00028930001426488163,Desordenada
2000,0.0003315800102427602,Desordenada
3000,0.00047753999242559073,Desordenada
500,8.037001825869083e-05,Desordenada
1000,0.00019867001101374625,Desordenada
1500,0.0002775800065137446,Desordenada
2000,0.0002997100236825645,Desordenada
3000,0.00044789001112803816,Desordenada
500,8.372998563572764e-05,Desordenada
1000,0.0001643700059503317,Desordenada
1500,0.0002756499801762402,Desordenada
2000,0.00034069999819621446,Desordenada
3000,0.0005589000065810978,Desordenada
500,8.697997545823455e-05,Desordenada
1000,0.0001676499843597412,Desordenada
1500,0.0002587200026027858,Desordenada
2000,0.00036005998263135555,Desordenada
3000,0.000551920011639595,Desordenada
500,8.086998714134097e-05,Desordenada
1000,0.00013254000805318356,Desordenada
1500,0.00025261999107897284,Desordenada
2000,0.00038599000545218586,Desordenada
3000,0.0005392300081439316,Desordenada
500,8.008999284356833e-05,Desordenada
1000,0.00017049000598490238,Desordenada
1500,0.0002462200005538762,Desordenada
2000,0.0003243499784730375,Desordenada
3000,0.0005696499836631119,Desordenada
500,7.963000098243356e-05,Desordenada
1000,0.00017391999717801808,Desordenada
1500,0.0002443700097501278,Desordenada
2000,0.0003774700104258955,Desordenada
3000,0.0004919999861158431,Desordenada
500,7.384000346064568e-05,Desordenada
1000,0.00016372001264244317,Desordenada
1500,0.0002671099849976599,Desordenada
2000,0.00032715998822823166,Desordenada
3000,0.000535820028744638,Desordenada
500,8.613000391051173e-05,Desordenada
1000,0.00019058998441323638,Desordenada
1500,0.00027220000047236683,Desordenada
2000,0.00034748001489788295,Desordenada
3000,0.0005411499994806945,Desordenada
500,7.563999388366937e-05,Desordenada
1000,0.00016793999820947648,Desordenada
1500,0.00027851000195369127,Desordenada
2000,0.00031609999714419244,Desordenada
3000,0.0004840400069952011,Desordenada
500,9.74999857135117e-05,Desordenada
1000,0.00016623998526483775,Desordenada
1500,0.0002342200488783419,Desordenada
2000,0.0003469999879598618,Desordenada
3000,0.0005623499746434391,Desordenada
500,8.159000426530839e-05,Desordenada
1000,0.00018440998392179608,Desordenada
1500,0.0002657200209796429,Desordenada
2000,0.00037305998848751186,Desordenada
3000,0.0006012000259943307,Desordenada
500,9.536001598462463e-05,Desordenada
1000,0.00017886999994516374,Desordenada
1500,0.0003234699950553477,Desordenada
2000,0.00032013999298214913,Desordenada
3000,0.0005428799777291715,Desordenada
500,7.019999902695418e-05,Desordenada
1000,0.00019690000917762517,Desordenada
1500,0.0002655200194567442,Desordenada
2000,0.00034038000740110874,Desordenada
3000,0.0006346100009977818,Desordenada
500,7.396001601591706e-05,Desordenada
1000,0.0001710300100967288,Desordenada
1500,0.0002537500113248825,Desordenada
2000,0.00031825000187382104,Desordenada
3000,0.0005605099722743034,Desordenada
500,9.28299967199564e-05,Desordenada
1000,0.00018313000909984112,Desordenada
1500,0.0002723100129514933,Desordenada
2000,0.00035385998198762537,Desordenada
3000,0.0005456400103867054,Desordenada
500,7.609000895172357e-05,Desordenada
1000,0.00017626998014748098,Desordenada
1500,0.00024211000418290497,Desordenada
2000,0.0003249299828894436,Desordenada
3000,0.0005359899951145053,Desordenada
500,9.191000135615468e-05,Desordenada
1000,0.00019000996835529804,Desordenada
1500,0.0002728499472141266,Desordenada
2000,0.00037763998843729494,Desordenada
3000,0.0007247299887239933,Desordenada
500,7.940003415569663e-05,Desordenada
1000,0.00014518997631967067,Desordenada
1500,0.00028579997597262264,Desordenada
2000,0.0003094600047916174,Desordenada
3000,0.00048647000221535563,Desordenada
500,7.677001412957907e-05,Desordenada
1000,0.00015971000539138913,Desordenada
1500,0.0002709299558773637,Desordenada
2000,0.0003349400241859257,Desordenada
3000,0.0005335100227966905,Desordenada
500,8.478000527247786e-05,Desordenada
1000,0.00016967998817563057,Desordenada
1500,0.00025538000045344234,Desordenada
2000,0.00032307999208569527,Desordenada
3000,0.0005219799932092428,Desordenada
500,8.153001544997096e-05,Desordenada
1000,0.00017805998213589193,Desordenada
1500,0.0002468799939379096,Desordenada
2000,0.00036691998830065133,Desordenada
3000,0.0005244399886578322,Desordenada
500,7.906998507678509e-05,Desordenada
1000,0.00017948000459000468,Desordenada
1500,0.00028855002019554374,Desordenada
2000,0.0003866900224238634,Desordenada
3000,0.0004649600014090538,Desordenada
500,9.646998951211572e-05,Desordenada
1000,0.00016559000359848142,Desordenada
1500,0.000280119979288429,Desordenada
2000,0.0003071500104852021,Desordenada
3000,0.000668850017245859,Desordenada
500,7.204998983070254e-05,Desordenada
1000,0.00016313999658450483,Desordenada
1500,0.00023777000606060029,Desordenada
2000,0.0004901799955405294,Desordenada
3000,0.0004754900117404759,Desordenada
500,7.031001150608063e-05,Desordenada
1000,0.00020556999370455742,Desordenada
1500,0.00023905999260023236,Desordenada
2000,0.0003353900043293834,Desordenada
3000,0.0005218900041654706,Desordenada
500,0.00010060998611152172,Desordenada
1000,0.00017206999473273754,Desordenada
1500,0.0003005900071002543,Desordenada
2000,0.0003557799966074526,Desordenada
3000,0.0005280100158415735,Desordenada
500,9.085000492632389e-05,Desordenada
1000,0.00021201998461037875,Desordenada
1500,0.0003630000166594982,Desordenada
2000,0.0003162299864925444,Desordenada
3000,0.0005816400167532265,Desordenada
500,9.47999651543796e-05,Desordenada
1000,0.00016760998405516148,Desordenada
1500,0.0002805299824103713,Desordenada
2000,0.0003534100018441677,Desordenada
3000,0.0004536299966275692,Desordenada
500,8.016000501811504e-05,Desordenada
1000,0.00015756002394482494,Desordenada
1500,0.0002582999994046986,Desordenada
2000,0.0003798199817538261,Desordenada
3000,0.0005742000066675246,Desordenada
500,8.68599978275597e-05,Desordenada
1000,0.00017289001261815428,Desordenada
1500,0.000284470000769943,Desordenada
2000,0.00039530000649392607,Desordenada
3000,0.0004654400167055428,Desordenada
500,7.741998415440321e-05,Desordenada
1000,0.0002050000010058284,Desordenada
1500,0.0002685299841687083,Desordenada
2000,0.00033569999504834414,Desordenada
3000,0.0006355599849484861,Desordenada
500,8.240998722612858e-05,Desordenada
1000,0.00017310997936874627,Desordenada
1500,0.0003509499947540462,Desordenada
2000,0.00037552000721916554,Desordenada
3000,0.0005193500081077218,Desordenada
500,8.428000146523117e-05,Desordenada
1000,0.00021319000516086816,Desordenada
1500,0.0002443100209347904,Desordenada
2000,0.00037854996044188737,Desordenada
3000,0.0005927999853156507,Desordenada
500,8.404002292081714e-05,Desordenada
1000,0.00019054999575018883,Desordenada
1500,0.0002715099835768342,Desordenada
2000,0.0003463299828581512,Desordenada
3000,0.0005471999873407185,Desordenada
500,8.937000529840589e-05,Desordenada
1000,0.00020392999285832048,Desordenada
1500,0.00028734999941661956,Desordenada
2000,0.0004109500092454255,Desordenada
3000,0.000593499990645796,Desordenada
500,8.334999438375235e-05,Desordenada
1000,0.00018179002217948436,Desordenada
1500,0.00025641999673098326,Desordenada
2000,0.0004325199988670647,Desordenada
3000,0.0004735200200229883,Desordenada
500,9.09800291992724e-05,Desordenada
1000,0.0001903800410218537,Desordenada
1500,0.00024083999451249838,Desordenada
2000,0.0003873199922963977,Desordenada
3000,0.0005686800112016499,Desordenada
500,7.951000006869435e-05,Desordenada
1000,0.0002074199845083058,Desordenada
1500,0.0002353999996557832,Desordenada
2000,0.00036976998671889305,Desordenada
3000,0.0005998600041493774,Desordenada
500,8.666000794619322e-05,Desordenada
1000,0.00014095999067649246,Desordenada
1500,0.0002500500064343214,Desordenada
2000,0.00029427001718431713,Desordenada
3000,0.0005850299960002304,Desordenada
500,9.128000820055605e-05,Desordenada
1000,0.00018295000772923232,Desordenada
1500,0.00024111999664455652,Desordenada
2000,0.0003287299885414541,Desordenada
3000,0.0005471999989822507,Desordenada
500,9.16099757887423e-05,Desordenada
1000,0.0001389599870890379,Desordenada
1500,0.0002586300019174814,Desordenada
2000,0.00043511000694707036,Desordenada
3000,0.00045799000654369595,Desordenada
500,9.720000671222805e-05,Desordenada
1000,0.00018806001171469688,Desordenada
1500,0.0002509899903088808,Desordenada
2000,0.00035571999615058303,Desordenada
3000,0.0006142299738712609,Desordenada
500,7.684999145567417e-05,Desordenada
1000,0.00016796002164483071,Desordenada
1500,0.0002992599969729781,Desordenada
2000,0.00038124000420793893,Desordenada
3000,0.000526069977786392,Desordenada
500,7.065001409500837e-05,Desordenada
1000,0.00016081001376733184,Desordenada
1500,0.00027949997456744313,Desordenada
2000,0.00032971000764518975,Desordenada
3000,0.0004641599953174591,Desordenada
500,8.922000415623188e-05,Desordenada
1000,0.00022527000401169063,Desordenada
1500,0.0002793799852952361,Desordenada
2000,0.0003277100040577352,Desordenada
3000,0.0006271600024774671,Desordenada
500,9.164001094177365e-05,Desordenada
1000,0.00016670000040903689,Desordenada
1500,0.0002479500253684819,Desordenada
2000,0.00037991999415680765,Desordenada
3000,0.0005354999797418713,Desordenada
500,8.996999822556973e-05,Desordenada
1000,0.0001744199777022004,Desordenada
1500,0.00027586997020989656,Desordenada
2000,0.0003122699912637472,Desordenada
3000,0.0005289699765853584,Desordenada
